section,year,acquisition_dates,n_scenes
sacramento_1,2009,2009-07-01,1
sacramento_1,2010,2010-07-13,1
sacramento_1,2012,2012-07-02,1
sacramento_1,2014,"2014-07-25, 2014-07-28",2
sacramento_1,2016,2016-07-12,1
sacramento_1,2018,"2018-07-19, 2018-10-08",2
sacramento_1,2020,2020-07-12,1
sacramento_1,2022,2022-07-16,1
sacramento_10,2009,"2009-07-01, 2009-07-02",2
sacramento_10,2010,2010-07-19,1
sacramento_10,2012,2012-07-02,1
sacramento_10,2014,2014-07-25,1
sacramento_10,2016,"2016-07-09, 2016-07-16",2
sacramento_10,2018,"2018-07-19, 2018-10-06",2
sacramento_10,2020,2020-07-12,1
sacramento_10,2022,2022-07-16,1
sacramento_11,2009,"2009-07-01, 2009-07-02",2
sacramento_11,2010,2010-07-19,1
sacramento_11,2012,2012-07-02,1
sacramento_11,2014,2014-07-25,1
sacramento_11,2016,2016-07-09,1
sacramento_11,2018,"2018-07-19, 2018-10-06",2
sacramento_11,2020,2020-07-12,1
sacramento_11,2022,2022-07-16,1
sacramento_12,2009,"2009-07-01, 2009-07-02",2
sacramento_12,2010,2010-07-19,1
sacramento_12,2012,2012-07-02,1
sacramento_12,2014,2014-07-25,1
sacramento_12,2016,2016-07-09,1
sacramento_12,2018,"2018-07-19, 2018-10-06",2
sacramento_12,2020,2020-07-12,1
sacramento_12,2022,2022-07-16,1
sacramento_13,2009,2009-07-02,1
sacramento_13,2010,2010-07-19,1
sacramento_13,2012,2012-07-02,1
sacramento_13,2014,2014-07-25,1
sacramento_13,2016,2016-07-09,1
sacramento_13,2018,"2018-07-19, 2018-10-06",2
sacramento_13,2020,2020-07-12,1
sacramento_13,2022,2022-07-16,1
sacramento_14,2009,"2009-07-01, 2009-07-02",2
sacramento_14,2010,2010-07-19,1
sacramento_14,2012,2012-07-02,1
sacramento_14,2014,2014-07-25,1
sacramento_14,2016,2016-07-09,1
sacramento_14,2018,2018-07-19,1
sacramento_14,2020,2020-07-12,1
sacramento_14,2022,2022-07-16,1
sacramento_15,2009,2009-07-01,1
sacramento_15,2010,2010-07-19,1
sacramento_15,2012,2012-07-02,1
sacramento_15,2014,"2014-07-12, 2014-07-25",2
sacramento_15,2016,2016-07-09,1
sacramento_15,2018,2018-07-19,1
sacramento_15,2020,2020-07-12,1
sacramento_15,2022,2022-07-16,1
sacramento_16,2009,"2009-07-01, 2009-07-02",2
sacramento_16,2010,2010-07-19,1
sacramento_16,2012,2012-07-02,1
sacramento_16,2014,"2014-07-12, 2014-07-25",2
sacramento_16,2016,2016-07-09,1
sacramento_16,2018,2018-07-19,1
sacramento_16,2020,2020-07-12,1
sacramento_16,2022,2022-07-16,1
sacramento_17,2009,"2009-07-01, 2009-07-02",2
sacramento_17,2010,2010-07-19,1
sacramento_17,2012,2012-07-02,1
sacramento_17,2014,"2014-07-12, 2014-07-25",2
sacramento_17,2016,2016-07-09,1
sacramento_17,2018,2018-07-19,1
sacramento_17,2020,2020-07-12,1
sacramento_17,2022,2022-07-16,1
sacramento_18,2009,"2009-07-01, 2009-07-02",2
sacramento_18,2010,2010-07-19,1
sacramento_18,2012,2012-07-02,1
sacramento_18,2014,2014-07-12,1
sacramento_18,2016,2016-07-09,1
sacramento_18,2018,2018-07-19,1
sacramento_18,2020,2020-07-12,1
sacramento_18,2022,2022-07-16,1
sacramento_19,2009,"2009-07-01, 2009-07-02",2
sacramento_19,2010,2010-07-19,1
sacramento_19,2012,2012-07-02,1
sacramento_19,2014,2014-07-12,1
sacramento_19,2016,2016-07-09,1
sacramento_19,2018,2018-07-19,1
sacramento_19,2020,2020-07-12,1
sacramento_19,2022,2022-07-16,1
sacramento_2,2009,2009-07-01,1
sacramento_2,2010,"2010-07-13, 2010-07-19",2
sacramento_2,2012,2012-07-02,1
sacramento_2,2014,2014-07-25,1
sacramento_2,2016,"2016-07-12, 2016-07-16",2
sacramento_2,2018,2018-10-08,1
sacramento_2,2020,2020-07-12,1
sacramento_2,2022,2022-07-16,1
sacramento_20,2009,"2009-07-01, 2009-07-02",2
sacramento_20,2010,2010-07-19,1
sacramento_20,2012,2012-07-02,1
sacramento_20,2014,2014-07-12,1
sacramento_20,2016,2016-07-09,1
sacramento_20,2018,2018-07-19,1
sacramento_20,2020,2020-07-12,1
sacramento_20,2022,2022-07-16,1
sacramento_21,2009,2009-07-02,1
sacramento_21,2010,"2010-07-19, 2010-07-22",2
sacramento_21,2012,2012-07-02,1
sacramento_21,2014,"2014-07-12, 2014-07-25",2
sacramento_21,2016,2016-07-09,1
sacramento_21,2018,"2018-07-15, 2018-07-19, 2018-10-08",3
sacramento_21,2020,2020-07-12,1
sacramento_21,2022,"2022-07-13, 2022-07-16",2
sacramento_22,2009,2009-07-02,1
sacramento_22,2010,"2010-07-19, 2010-07-22",2
sacramento_22,2012,2012-07-02,1
sacramento_22,2014,"2014-07-12, 2014-07-25",2
sacramento_22,2016,2016-07-09,1
sacramento_22,2018,2018-07-15,1
sacramento_22,2020,2020-07-12,1
sacramento_22,2022,2022-07-13,1
sacramento_23,2009,2009-07-02,1
sacramento_23,2010,"2010-07-19, 2010-07-22",2
sacramento_23,2012,2012-07-02,1
sacramento_23,2014,"2014-07-12, 2014-07-25",2
sacramento_23,2016,2016-07-09,1
sacramento_23,2018,2018-07-15,1
sacramento_23,2020,2020-07-12,1
sacramento_23,2022,2022-07-13,1
sacramento_24,2009,2009-07-02,1
sacramento_24,2010,2010-07-22,1
sacramento_24,2012,2012-07-02,1
sacramento_24,2014,2014-07-12,1
sacramento_24,2016,2016-07-09,1
sacramento_24,2018,2018-07-15,1
sacramento_24,2020,"2020-07-08, 2020-07-12",2
sacramento_24,2022,2022-07-13,1
sacramento_25,2009,2009-07-02,1
sacramento_25,2010,2010-07-22,1
sacramento_25,2012,2012-07-02,1
sacramento_25,2014,2014-07-12,1
sacramento_25,2016,2016-07-09,1
sacramento_25,2018,2018-07-15,1
sacramento_25,2020,"2020-07-08, 2020-07-09, 2020-07-12",3
sacramento_25,2022,2022-07-13,1
sacramento_26,2009,2009-07-02,1
sacramento_26,2010,2010-07-22,1
sacramento_26,2012,2012-07-02,1
sacramento_26,2014,2014-07-12,1
sacramento_26,2016,2016-07-09,1
sacramento_26,2018,2018-07-15,1
sacramento_26,2020,2020-07-08,1
sacramento_26,2022,2022-07-13,1
sacramento_27,2009,2009-07-02,1
sacramento_27,2010,2010-07-22,1
sacramento_27,2012,2012-07-02,1
sacramento_27,2014,2014-07-12,1
sacramento_27,2016,2016-07-09,1
sacramento_27,2018,2018-07-15,1
sacramento_27,2020,2020-07-08,1
sacramento_27,2022,2022-07-13,1
sacramento_28,2009,"2009-07-01, 2009-07-02",2
sacramento_28,2010,2010-07-22,1
sacramento_28,2012,"2012-07-02, 2012-07-04",2
sacramento_28,2014,"2014-07-12, 2014-07-25, 2014-07-26",3
sacramento_28,2016,2016-07-09,1
sacramento_28,2018,2018-07-15,1
sacramento_28,2020,2020-07-08,1
sacramento_28,2022,2022-07-13,1
sacramento_29,2009,"2009-07-01, 2009-07-02",2
sacramento_29,2010,2010-07-22,1
sacramento_29,2012,"2012-07-02, 2012-07-04",2
sacramento_29,2014,"2014-07-12, 2014-07-25, 2014-07-26",3
sacramento_29,2016,2016-07-09,1
sacramento_29,2018,2018-07-15,1
sacramento_29,2020,2020-07-08,1
sacramento_29,2022,2022-07-13,1
sacramento_3,2009,2009-07-01,1
sacramento_3,2010,"2010-07-13, 2010-07-19",2
sacramento_3,2012,2012-07-02,1
sacramento_3,2014,"2014-07-25, 2014-07-28",2
sacramento_3,2016,"2016-07-12, 2016-07-16",2
sacramento_3,2018,2018-10-08,1
sacramento_3,2020,2020-07-12,1
sacramento_3,2022,2022-07-16,1
sacramento_30,2009,"2009-07-01, 2009-07-02",2
sacramento_30,2010,2010-07-22,1
sacramento_30,2012,"2012-07-02, 2012-07-04",2
sacramento_30,2014,"2014-07-12, 2014-07-25, 2014-07-26",3
sacramento_30,2016,2016-07-09,1
sacramento_30,2018,2018-07-15,1
sacramento_30,2020,2020-07-08,1
sacramento_30,2022,2022-07-13,1
sacramento_31,2009,2009-07-01,1
sacramento_31,2010,2010-07-22,1
sacramento_31,2012,2012-07-04,1
sacramento_31,2014,"2014-07-12, 2014-07-25",2
sacramento_31,2016,2016-07-09,1
sacramento_31,2018,2018-07-15,1
sacramento_31,2020,2020-07-08,1
sacramento_31,2022,2022-07-13,1
sacramento_32,2009,2009-07-01,1
sacramento_32,2010,2010-07-22,1
sacramento_32,2012,2012-07-04,1
sacramento_32,2014,"2014-07-12, 2014-07-25",2
sacramento_32,2016,2016-07-09,1
sacramento_32,2018,2018-07-15,1
sacramento_32,2020,2020-07-08,1
sacramento_32,2022,2022-07-13,1
sacramento_33,2009,2009-07-01,1
sacramento_33,2010,2010-07-22,1
sacramento_33,2012,2012-07-04,1
sacramento_33,2014,"2014-07-12, 2014-07-25",2
sacramento_33,2016,2016-07-09,1
sacramento_33,2018,2018-07-15,1
sacramento_33,2020,2020-07-08,1
sacramento_33,2022,2022-07-13,1
sacramento_34,2009,2009-07-01,1
sacramento_34,2010,2010-07-22,1
sacramento_34,2012,2012-07-04,1
sacramento_34,2014,"2014-07-12, 2014-07-25",2
sacramento_34,2016,2016-07-09,1
sacramento_34,2018,2018-07-15,1
sacramento_34,2020,2020-07-08,1
sacramento_34,2022,2022-07-13,1
sacramento_35,2009,2009-07-01,1
sacramento_35,2010,"2010-07-10, 2010-07-22",2
sacramento_35,2012,2012-07-04,1
sacramento_35,2014,2014-07-25,1
sacramento_35,2016,"2016-07-09, 2016-07-12",2
sacramento_35,2018,2018-07-15,1
sacramento_35,2020,2020-07-08,1
sacramento_35,2022,2022-07-13,1
sacramento_36,2009,2009-07-01,1
sacramento_36,2010,"2010-07-10, 2010-07-22",2
sacramento_36,2012,2012-07-04,1
sacramento_36,2014,2014-07-25,1
sacramento_36,2016,"2016-07-09, 2016-07-12",2
sacramento_36,2018,2018-07-15,1
sacramento_36,2020,2020-07-08,1
sacramento_36,2022,2022-07-13,1
sacramento_37,2009,2009-07-01,1
sacramento_37,2010,2010-07-22,1
sacramento_37,2012,2012-07-04,1
sacramento_37,2014,2014-07-25,1
sacramento_37,2016,2016-07-09,1
sacramento_37,2018,2018-07-15,1
sacramento_37,2020,2020-07-08,1
sacramento_37,2022,2022-07-13,1
sacramento_38,2009,2009-07-01,1
sacramento_38,2010,2010-07-22,1
sacramento_38,2012,2012-07-04,1
sacramento_38,2014,"2014-07-12, 2014-07-25",2
sacramento_38,2016,2016-07-09,1
sacramento_38,2018,2018-07-15,1
sacramento_38,2020,2020-07-08,1
sacramento_38,2022,2022-07-13,1
sacramento_39,2009,2009-07-01,1
sacramento_39,2010,2010-07-22,1
sacramento_39,2012,2012-07-04,1
sacramento_39,2014,"2014-07-12, 2014-07-25",2
sacramento_39,2016,2016-07-09,1
sacramento_39,2018,2018-07-15,1
sacramento_39,2020,2020-07-08,1
sacramento_39,2022,2022-07-13,1
sacramento_4,2009,2009-07-01,1
sacramento_4,2010,"2010-07-13, 2010-07-19",2
sacramento_4,2012,2012-07-02,1
sacramento_4,2014,"2014-07-25, 2014-07-28",2
sacramento_4,2016,"2016-07-12, 2016-07-16",2
sacramento_4,2018,"2018-07-19, 2018-10-08",2
sacramento_4,2020,2020-07-12,1
sacramento_4,2022,2022-07-16,1
sacramento_40,2009,2009-07-01,1
sacramento_40,2010,2010-07-22,1
sacramento_40,2012,2012-07-04,1
sacramento_40,2014,"2014-07-12, 2014-07-25",2
sacramento_40,2016,2016-07-09,1
sacramento_40,2018,2018-07-15,1
sacramento_40,2020,2020-07-08,1
sacramento_40,2022,2022-07-13,1
sacramento_41,2009,2009-07-01,1
sacramento_41,2010,2010-07-22,1
sacramento_41,2012,2012-07-04,1
sacramento_41,2014,"2014-07-12, 2014-07-25",2
sacramento_41,2016,2016-07-09,1
sacramento_41,2018,2018-07-15,1
sacramento_41,2020,2020-07-08,1
sacramento_41,2022,2022-07-13,1
sacramento_42,2009,2009-07-01,1
sacramento_42,2010,2010-07-22,1
sacramento_42,2012,2012-07-04,1
sacramento_42,2014,"2014-07-12, 2014-07-25",2
sacramento_42,2016,"2016-07-09, 2016-07-10",2
sacramento_42,2018,2018-07-15,1
sacramento_42,2020,2020-07-08,1
sacramento_42,2022,2022-07-13,1
sacramento_43,2009,2009-07-01,1
sacramento_43,2010,2010-07-22,1
sacramento_43,2012,2012-07-04,1
sacramento_43,2014,"2014-07-12, 2014-07-25",2
sacramento_43,2016,"2016-07-09, 2016-07-10",2
sacramento_43,2018,2018-07-15,1
sacramento_43,2020,2020-07-08,1
sacramento_43,2022,2022-07-13,1
sacramento_44,2009,2009-07-01,1
sacramento_44,2010,2010-07-22,1
sacramento_44,2012,2012-07-04,1
sacramento_44,2014,"2014-07-12, 2014-07-25",2
sacramento_44,2016,2016-07-10,1
sacramento_44,2018,2018-07-15,1
sacramento_44,2020,2020-07-08,1
sacramento_44,2022,"2022-07-08, 2022-07-13",2
sacramento_45,2009,2009-07-01,1
sacramento_45,2010,2010-07-22,1
sacramento_45,2012,2012-07-04,1
sacramento_45,2014,"2014-07-12, 2014-07-25",2
sacramento_45,2016,2016-07-10,1
sacramento_45,2018,2018-07-15,1
sacramento_45,2020,2020-07-08,1
sacramento_45,2022,2022-07-08,1
sacramento_46,2009,2009-07-01,1
sacramento_46,2010,2010-07-22,1
sacramento_46,2012,2012-07-04,1
sacramento_46,2014,"2014-07-12, 2014-07-25",2
sacramento_46,2016,2016-07-10,1
sacramento_46,2018,2018-07-15,1
sacramento_46,2020,2020-07-08,1
sacramento_46,2022,2022-07-08,1
sacramento_47,2009,2009-07-01,1
sacramento_47,2010,2010-07-22,1
sacramento_47,2012,2012-07-04,1
sacramento_47,2014,"2014-07-12, 2014-07-25",2
sacramento_47,2016,2016-07-10,1
sacramento_47,2018,2018-07-15,1
sacramento_47,2020,2020-07-08,1
sacramento_47,2022,2022-07-08,1
sacramento_48,2009,2009-07-01,1
sacramento_48,2010,2010-07-22,1
sacramento_48,2012,2012-07-04,1
sacramento_48,2014,"2014-07-12, 2014-07-25",2
sacramento_48,2016,2016-07-10,1
sacramento_48,2018,2018-07-15,1
sacramento_48,2020,2020-07-08,1
sacramento_48,2022,2022-07-08,1
sacramento_49,2009,2009-07-01,1
sacramento_49,2010,2010-07-22,1
sacramento_49,2012,2012-07-04,1
sacramento_49,2014,"2014-07-12, 2014-07-25",2
sacramento_49,2016,2016-07-10,1
sacramento_49,2018,2018-07-15,1
sacramento_49,2020,2020-07-08,1
sacramento_49,2022,2022-07-08,1
sacramento_5,2009,2009-07-01,1
sacramento_5,2010,"2010-07-13, 2010-07-19",2
sacramento_5,2012,2012-07-02,1
sacramento_5,2014,"2014-07-25, 2014-07-28",2
sacramento_5,2016,"2016-07-12, 2016-07-16",2
sacramento_5,2018,"2018-07-19, 2018-10-08",2
sacramento_5,2020,2020-07-12,1
sacramento_5,2022,2022-07-16,1
sacramento_50,2009,2009-07-01,1
sacramento_50,2010,2010-07-22,1
sacramento_50,2012,2012-07-04,1
sacramento_50,2014,"2014-07-12, 2014-07-25",2
sacramento_50,2016,2016-07-10,1
sacramento_50,2018,2018-07-15,1
sacramento_50,2020,2020-07-08,1
sacramento_50,2022,2022-07-08,1
sacramento_51,2009,2009-07-01,1
sacramento_51,2010,2010-07-22,1
sacramento_51,2012,2012-07-04,1
sacramento_51,2014,"2014-07-12, 2014-07-25",2
sacramento_51,2016,2016-07-10,1
sacramento_51,2018,2018-07-15,1
sacramento_51,2020,2020-07-08,1
sacramento_51,2022,2022-07-08,1
sacramento_52,2009,2009-07-01,1
sacramento_52,2010,"2010-07-10, 2010-07-22",2
sacramento_52,2012,2012-07-04,1
sacramento_52,2014,"2014-07-12, 2014-07-24, 2014-07-25",3
sacramento_52,2016,2016-07-10,1
sacramento_52,2018,2018-07-15,1
sacramento_52,2020,2020-07-08,1
sacramento_52,2022,2022-07-08,1
sacramento_53,2009,2009-07-01,1
sacramento_53,2010,"2010-07-10, 2010-07-22",2
sacramento_53,2012,2012-07-04,1
sacramento_53,2014,"2014-07-24, 2014-07-25",2
sacramento_53,2016,2016-07-10,1
sacramento_53,2018,2018-07-15,1
sacramento_53,2020,2020-07-08,1
sacramento_53,2022,2022-07-08,1
sacramento_54,2009,2009-07-01,1
sacramento_54,2010,"2010-07-10, 2010-07-22",2
sacramento_54,2012,2012-07-04,1
sacramento_54,2014,"2014-07-24, 2014-07-25",2
sacramento_54,2016,2016-07-10,1
sacramento_54,2018,2018-07-15,1
sacramento_54,2020,2020-07-08,1
sacramento_54,2022,2022-07-08,1
sacramento_55,2009,2009-07-01,1
sacramento_55,2010,"2010-07-10, 2010-07-22",2
sacramento_55,2012,2012-07-04,1
sacramento_55,2014,"2014-07-24, 2014-07-25",2
sacramento_55,2016,2016-07-10,1
sacramento_55,2018,2018-07-15,1
sacramento_55,2020,2020-07-08,1
sacramento_55,2022,2022-07-08,1
sacramento_56,2009,2009-07-01,1
sacramento_56,2010,2010-07-10,1
sacramento_56,2012,2012-07-04,1
sacramento_56,2014,"2014-07-24, 2014-07-25",2
sacramento_56,2016,2016-07-10,1
sacramento_56,2018,2018-07-15,1
sacramento_56,2020,2020-07-08,1
sacramento_56,2022,2022-07-08,1
sacramento_57,2009,2009-07-01,1
sacramento_57,2010,2010-07-10,1
sacramento_57,2012,2012-07-04,1
sacramento_57,2014,"2014-07-24, 2014-07-25",2
sacramento_57,2016,2016-07-10,1
sacramento_57,2018,2018-07-15,1
sacramento_57,2020,2020-07-08,1
sacramento_57,2022,2022-07-08,1
sacramento_58,2009,2009-07-01,1
sacramento_58,2010,2010-07-10,1
sacramento_58,2012,2012-07-04,1
sacramento_58,2014,"2014-07-24, 2014-07-25",2
sacramento_58,2016,2016-07-10,1
sacramento_58,2018,2018-07-15,1
sacramento_58,2020,2020-07-08,1
sacramento_58,2022,2022-07-08,1
sacramento_59,2009,2009-07-01,1
sacramento_59,2010,2010-07-10,1
sacramento_59,2012,2012-07-04,1
sacramento_59,2014,2014-07-24,1
sacramento_59,2016,2016-07-10,1
sacramento_59,2018,2018-07-15,1
sacramento_59,2020,2020-07-08,1
sacramento_59,2022,2022-07-08,1
sacramento_6,2009,2009-07-01,1
sacramento_6,2010,"2010-07-13, 2010-07-19",2
sacramento_6,2012,2012-07-02,1
sacramento_6,2014,2014-07-25,1
sacramento_6,2016,2016-07-16,1
sacramento_6,2018,2018-07-19,1
sacramento_6,2020,2020-07-12,1
sacramento_6,2022,2022-07-16,1
sacramento_60,2009,2009-07-01,1
sacramento_60,2010,2010-07-10,1
sacramento_60,2012,2012-07-04,1
sacramento_60,2014,2014-07-24,1
sacramento_60,2016,2016-07-10,1
sacramento_60,2018,2018-07-15,1
sacramento_60,2020,2020-07-08,1
sacramento_60,2022,2022-07-08,1
sacramento_61,2009,2009-07-01,1
sacramento_61,2010,2010-07-10,1
sacramento_61,2012,2012-07-04,1
sacramento_61,2014,2014-07-24,1
sacramento_61,2016,2016-07-10,1
sacramento_61,2018,2018-07-15,1
sacramento_61,2020,2020-07-08,1
sacramento_61,2022,2022-07-08,1
sacramento_62,2009,2009-07-01,1
sacramento_62,2010,2010-07-10,1
sacramento_62,2012,2012-07-04,1
sacramento_62,2014,"2014-07-24, 2014-07-25",2
sacramento_62,2016,2016-07-10,1
sacramento_62,2018,2018-07-15,1
sacramento_62,2020,2020-07-08,1
sacramento_62,2022,2022-07-08,1
sacramento_63,2009,2009-07-01,1
sacramento_63,2010,2010-07-10,1
sacramento_63,2012,2012-07-04,1
sacramento_63,2014,"2014-07-24, 2014-07-25",2
sacramento_63,2016,2016-07-10,1
sacramento_63,2018,2018-07-15,1
sacramento_63,2020,2020-07-08,1
sacramento_63,2022,2022-07-08,1
sacramento_64,2009,2009-07-01,1
sacramento_64,2010,2010-07-10,1
sacramento_64,2012,2012-07-04,1
sacramento_64,2014,"2014-07-24, 2014-07-25",2
sacramento_64,2016,2016-07-10,1
sacramento_64,2018,2018-07-15,1
sacramento_64,2020,2020-07-08,1
sacramento_64,2022,2022-07-08,1
sacramento_65,2009,2009-07-01,1
sacramento_65,2010,2010-07-10,1
sacramento_65,2012,2012-07-04,1
sacramento_65,2014,"2014-07-24, 2014-07-25",2
sacramento_65,2016,2016-07-10,1
sacramento_65,2018,2018-07-15,1
sacramento_65,2020,2020-07-08,1
sacramento_65,2022,2022-07-08,1
sacramento_66,2009,2009-07-01,1
sacramento_66,2010,2010-07-10,1
sacramento_66,2012,2012-07-04,1
sacramento_66,2014,2014-07-24,1
sacramento_66,2016,"2016-07-09, 2016-07-10",2
sacramento_66,2018,"2018-07-15, 2018-07-20",2
sacramento_66,2020,2020-07-08,1
sacramento_66,2022,2022-07-08,1
sacramento_67,2009,2009-07-01,1
sacramento_67,2010,2010-07-10,1
sacramento_67,2012,2012-07-04,1
sacramento_67,2014,2014-07-24,1
sacramento_67,2016,"2016-07-09, 2016-07-10",2
sacramento_67,2018,"2018-07-15, 2018-07-20",2
sacramento_67,2020,2020-07-08,1
sacramento_67,2022,2022-07-08,1
sacramento_68,2009,2009-07-01,1
sacramento_68,2010,2010-07-10,1
sacramento_68,2012,2012-07-04,1
sacramento_68,2014,"2014-06-20, 2014-07-24",2
sacramento_68,2016,2016-07-09,1
sacramento_68,2018,"2018-07-14, 2018-07-20",2
sacramento_68,2020,"2020-06-16, 2020-07-08",2
sacramento_68,2022,2022-07-08,1
sacramento_69,2009,2009-07-01,1
sacramento_69,2010,2010-07-10,1
sacramento_69,2012,2012-07-04,1
sacramento_69,2014,"2014-06-20, 2014-07-24",2
sacramento_69,2016,2016-07-09,1
sacramento_69,2018,"2018-07-14, 2018-07-20",2
sacramento_69,2020,"2020-06-16, 2020-07-08",2
sacramento_69,2022,2022-07-08,1
sacramento_7,2009,2009-07-01,1
sacramento_7,2010,2010-07-19,1
sacramento_7,2012,2012-07-02,1
sacramento_7,2014,2014-07-25,1
sacramento_7,2016,2016-07-16,1
sacramento_7,2018,2018-07-19,1
sacramento_7,2020,2020-07-12,1
sacramento_7,2022,2022-07-16,1
sacramento_70,2009,"2009-06-20, 2009-07-01",2
sacramento_70,2010,"2010-07-10, 2010-08-29",2
sacramento_70,2012,"2012-06-27, 2012-07-04",2
sacramento_70,2014,2014-06-20,1
sacramento_70,2016,2016-07-09,1
sacramento_70,2018,2018-07-14,1
sacramento_70,2020,2020-06-16,1
sacramento_70,2022,"2022-06-20, 2022-07-08",2
sacramento_71,2009,2009-07-01,1
sacramento_71,2010,"2010-07-10, 2010-07-11",2
sacramento_71,2012,2012-07-04,1
sacramento_71,2014,2014-06-20,1
sacramento_71,2016,2016-07-09,1
sacramento_71,2018,"2018-07-13, 2018-07-14",2
sacramento_71,2020,2020-06-16,1
sacramento_71,2022,2022-07-08,1
sacramento_72,2009,"2009-06-20, 2009-07-01",2
sacramento_72,2010,"2010-07-10, 2010-07-11",2
sacramento_72,2012,"2012-06-27, 2012-07-04",2
sacramento_72,2014,2014-06-20,1
sacramento_72,2016,"2016-06-19, 2016-07-09",2
sacramento_72,2018,"2018-07-13, 2018-07-14",2
sacramento_72,2020,2020-06-16,1
sacramento_72,2022,"2022-06-20, 2022-07-08",2
sacramento_73,2009,"2009-06-20, 2009-07-01",2
sacramento_73,2010,"2010-07-10, 2010-07-11",2
sacramento_73,2012,"2012-06-27, 2012-07-04",2
sacramento_73,2014,2014-06-20,1
sacramento_73,2016,"2016-06-19, 2016-07-09",2
sacramento_73,2018,"2018-07-13, 2018-07-14",2
sacramento_73,2020,2020-06-16,1
sacramento_73,2022,"2022-06-20, 2022-07-08",2
sacramento_74,2009,2009-06-20,1
sacramento_74,2010,"2010-07-10, 2010-07-11, 2010-08-29",3
sacramento_74,2012,2012-06-27,1
sacramento_74,2014,2014-06-20,1
sacramento_74,2016,"2016-06-19, 2016-07-09",2
sacramento_74,2018,"2018-07-13, 2018-07-14",2
sacramento_74,2020,2020-06-16,1
sacramento_74,2022,2022-06-20,1
sacramento_75,2009,2009-06-20,1
sacramento_75,2010,"2010-07-10, 2010-08-29",2
sacramento_75,2012,2012-06-27,1
sacramento_75,2014,2014-06-20,1
sacramento_75,2016,"2016-06-19, 2016-07-09",2
sacramento_75,2018,"2018-07-13, 2018-07-14",2
sacramento_75,2020,2020-06-16,1
sacramento_75,2022,2022-06-20,1
sacramento_76,2009,2009-06-20,1
sacramento_76,2010,"2010-05-28, 2010-08-29, 2010-08-30",3
sacramento_76,2012,2012-06-27,1
sacramento_76,2014,2014-06-20,1
sacramento_76,2016,2016-06-19,1
sacramento_76,2018,2018-07-13,1
sacramento_76,2020,2020-06-16,1
sacramento_76,2022,2022-06-20,1
sacramento_77,2009,2009-06-20,1
sacramento_77,2010,"2010-05-28, 2010-08-29, 2010-08-30",3
sacramento_77,2012,2012-06-27,1
sacramento_77,2014,2014-06-20,1
sacramento_77,2016,2016-06-19,1
sacramento_77,2018,2018-07-13,1
sacramento_77,2020,2020-06-16,1
sacramento_77,2022,2022-06-20,1
sacramento_78,2009,2009-06-20,1
sacramento_78,2010,"2010-06-30, 2010-08-29",2
sacramento_78,2012,2012-06-27,1
sacramento_78,2014,"2014-06-05, 2014-06-20",2
sacramento_78,2016,"2016-06-19, 2016-06-20",2
sacramento_78,2018,2018-07-13,1
sacramento_78,2020,2020-06-16,1
sacramento_78,2022,2022-06-20,1
sacramento_79,2009,2009-06-20,1
sacramento_79,2010,"2010-06-30, 2010-08-29, 2010-08-30",3
sacramento_79,2012,2012-06-27,1
sacramento_79,2014,"2014-06-05, 2014-06-20",2
sacramento_79,2016,"2016-06-19, 2016-06-20",2
sacramento_79,2018,2018-07-13,1
sacramento_79,2020,2020-06-16,1
sacramento_79,2022,2022-06-20,1
sacramento_8,2009,"2009-07-01, 2009-07-02",2
sacramento_8,2010,2010-07-19,1
sacramento_8,2012,2012-07-02,1
sacramento_8,2014,2014-07-25,1
sacramento_8,2016,2016-07-16,1
sacramento_8,2018,"2018-07-19, 2018-10-06",2
sacramento_8,2020,2020-07-12,1
sacramento_8,2022,2022-07-16,1
sacramento_80,2009,2009-06-20,1
sacramento_80,2010,"2010-05-28, 2010-08-29",2
sacramento_80,2012,2012-06-27,1
sacramento_80,2014,2014-06-05,1
sacramento_80,2016,2016-06-19,1
sacramento_80,2018,2018-07-13,1
sacramento_80,2020,2020-06-16,1
sacramento_80,2022,2022-06-20,1
sacramento_81,2009,2009-06-20,1
sacramento_81,2010,"2010-05-28, 2010-08-29",2
sacramento_81,2012,2012-06-27,1
sacramento_81,2014,"2014-06-05, 2014-06-20",2
sacramento_81,2016,2016-06-19,1
sacramento_81,2018,2018-07-13,1
sacramento_81,2020,2020-06-16,1
sacramento_81,2022,2022-06-20,1
sacramento_82,2009,2009-06-20,1
sacramento_82,2010,2010-08-29,1
sacramento_82,2012,2012-06-27,1
sacramento_82,2014,2014-06-20,1
sacramento_82,2016,"2016-06-19, 2016-06-20",2
sacramento_82,2018,2018-07-13,1
sacramento_82,2020,2020-06-16,1
sacramento_82,2022,2022-06-20,1
sacramento_83,2009,2009-06-20,1
sacramento_83,2010,"2010-07-18, 2010-08-29",2
sacramento_83,2012,2012-06-27,1
sacramento_83,2014,"2014-06-05, 2014-06-20",2
sacramento_83,2016,"2016-06-19, 2016-06-20",2
sacramento_83,2018,2018-07-13,1
sacramento_83,2020,2020-06-16,1
sacramento_83,2022,2022-06-20,1
sacramento_84,2009,2009-06-20,1
sacramento_84,2010,"2010-07-18, 2010-08-29",2
sacramento_84,2012,2012-06-27,1
sacramento_84,2014,"2014-06-05, 2014-06-20",2
sacramento_84,2016,"2016-06-19, 2016-06-20",2
sacramento_84,2018,2018-07-13,1
sacramento_84,2020,2020-06-16,1
sacramento_84,2022,2022-06-20,1
sacramento_85,2009,2009-06-20,1
sacramento_85,2010,2010-07-18,1
sacramento_85,2012,2012-06-27,1
sacramento_85,2014,2014-06-05,1
sacramento_85,2016,2016-06-19,1
sacramento_85,2018,2018-07-13,1
sacramento_85,2020,2020-06-16,1
sacramento_85,2022,2022-06-20,1
sacramento_86,2009,2009-06-20,1
sacramento_86,2010,"2010-07-18, 2010-08-29",2
sacramento_86,2012,"2012-05-21, 2012-06-27",2
sacramento_86,2014,"2014-06-05, 2014-06-20",2
sacramento_86,2016,"2016-05-29, 2016-06-19",2
sacramento_86,2018,2018-07-13,1
sacramento_86,2020,"2020-05-27, 2020-06-16",2
sacramento_86,2022,"2022-05-19, 2022-06-20",2
sacramento_87,2009,2009-06-20,1
sacramento_87,2010,"2010-07-18, 2010-08-29",2
sacramento_87,2012,"2012-05-21, 2012-06-27",2
sacramento_87,2014,"2014-06-05, 2014-06-20",2
sacramento_87,2016,"2016-05-29, 2016-06-19, 2016-06-20",3
sacramento_87,2018,2018-07-13,1
sacramento_87,2020,"2020-05-27, 2020-06-16",2
sacramento_87,2022,"2022-05-19, 2022-06-20",2
sacramento_88,2009,2009-06-20,1
sacramento_88,2010,"2010-07-18, 2010-08-29",2
sacramento_88,2012,"2012-05-21, 2012-06-27",2
sacramento_88,2014,"2014-06-05, 2014-06-20",2
sacramento_88,2016,"2016-06-19, 2016-06-20",2
sacramento_88,2018,2018-07-13,1
sacramento_88,2020,2020-05-27,1
sacramento_88,2022,"2022-05-19, 2022-06-20",2
sacramento_89,2009,2009-06-20,1
sacramento_89,2010,"2010-07-18, 2010-08-29",2
sacramento_89,2012,"2012-05-21, 2012-06-27",2
sacramento_89,2014,"2014-06-05, 2014-06-20",2
sacramento_89,2016,"2016-06-19, 2016-06-20",2
sacramento_89,2018,2018-07-13,1
sacramento_89,2020,2020-05-27,1
sacramento_89,2022,"2022-05-17, 2022-05-19, 2022-06-20",3
sacramento_9,2009,"2009-07-01, 2009-07-02",2
sacramento_9,2010,2010-07-19,1
sacramento_9,2012,2012-07-02,1
sacramento_9,2014,2014-07-25,1
sacramento_9,2016,"2016-07-09, 2016-07-16",2
sacramento_9,2018,"2018-07-19, 2018-10-06",2
sacramento_9,2020,2020-07-12,1
sacramento_9,2022,2022-07-16,1
sacramento_90,2009,2009-06-20,1
sacramento_90,2010,"2010-07-18, 2010-08-29",2
sacramento_90,2012,"2012-05-21, 2012-06-27",2
sacramento_90,2014,"2014-06-05, 2014-06-20",2
sacramento_90,2016,"2016-05-29, 2016-06-19, 2016-06-20",3
sacramento_90,2018,2018-07-13,1
sacramento_90,2020,2020-05-27,1
sacramento_90,2022,"2022-05-17, 2022-05-19, 2022-06-20",3
sacramento_91,2009,2009-06-20,1
sacramento_91,2010,"2010-07-18, 2010-08-29",2
sacramento_91,2012,"2012-05-21, 2012-06-27",2
sacramento_91,2014,2014-06-05,1
sacramento_91,2016,"2016-05-29, 2016-06-19, 2016-06-20",3
sacramento_91,2018,2018-07-13,1
sacramento_91,2020,2020-05-27,1
sacramento_91,2022,"2022-05-17, 2022-06-20",2
sacramento_92,2009,"2009-06-20, 2009-07-02",2
sacramento_92,2010,"2010-05-28, 2010-07-18",2
sacramento_92,2012,"2012-05-19, 2012-05-21",2
sacramento_92,2014,2014-06-05,1
sacramento_92,2016,2016-05-29,1
sacramento_92,2018,"2018-07-13, 2018-07-14",2
sacramento_92,2020,2020-05-27,1
sacramento_92,2022,2022-05-17,1
sacramento_93,2009,"2009-06-07, 2009-06-20, 2009-07-02",3
sacramento_93,2010,2010-05-28,1
sacramento_93,2012,"2012-05-19, 2012-05-21",2
sacramento_93,2014,2014-06-05,1
sacramento_93,2016,2016-05-29,1
sacramento_93,2018,2018-07-14,1
sacramento_93,2020,2020-05-27,1
sacramento_93,2022,2022-05-17,1
sacramento_94,2009,"2009-06-07, 2009-06-18, 2009-06-20, 2009-07-02",4
sacramento_94,2010,2010-05-28,1
sacramento_94,2012,"2012-05-19, 2012-05-21",2
sacramento_94,2014,2014-06-05,1
sacramento_94,2016,2016-05-29,1
sacramento_94,2018,2018-07-14,1
sacramento_94,2020,2020-05-27,1
sacramento_94,2022,2022-05-17,1
sacramento_95,2009,2009-06-07,1
sacramento_95,2010,2010-05-28,1
sacramento_95,2012,2012-05-21,1
sacramento_95,2014,2014-06-05,1
sacramento_95,2016,2016-05-29,1
sacramento_95,2018,2018-07-14,1
sacramento_95,2020,2020-05-27,1
sacramento_95,2022,2022-05-17,1
sacramento_96,2009,2009-06-07,1
sacramento_96,2010,2010-05-28,1
sacramento_96,2012,"2012-05-19, 2012-05-21",2
sacramento_96,2014,2014-06-05,1
sacramento_96,2016,"2016-05-26, 2016-05-28, 2016-05-29",3
sacramento_96,2018,2018-07-14,1
sacramento_96,2020,2020-05-27,1
sacramento_96,2022,2022-05-17,1
sacramento_97,2009,2009-06-07,1
sacramento_97,2010,2010-05-28,1
sacramento_97,2012,"2012-05-19, 2012-05-21",2
sacramento_97,2014,2014-06-05,1
sacramento_97,2016,"2016-05-26, 2016-05-28, 2016-05-29",3
sacramento_97,2018,2018-07-14,1
sacramento_97,2020,2020-05-27,1
sacramento_97,2022,2022-05-17,1
